id,dataset,model,n_runs,evo_fname,obs_fname,F,LL,AIC,BIC,R2,alpha,gamma,beta,alpha_transformed,gamma_transformed,beta_transformed,alpha_ffx,gamma_ffx,beta_ffx,alpha_transformed_ffx,gamma_transformed_ffx,beta_transformed_ffx
202200,explore,decay_factorize_selective_psequate_fixedparams_fmri,2,h_sceptic_fixed_decay_fmri,g_sceptic,-893.7485083,-887.9010286,-890.9010286,-896.121987,0.014487605,0.893011313,1.632891712,3.274328746,0.70951121,0.836565389,26.42548131,0.893690942,1.259913783,3.243054777,0.709651265,0.779011265,25.61184084
202278,explore,decay_factorize_selective_psequate_fixedparams_fmri,2,h_sceptic_fixed_decay_fmri,g_sceptic,-812.3123808,-803.9799063,-806.9799063,-812.2008647,0.034424635,-1.839765769,-1.451531073,2.472369556,0.137078998,0.189766045,11.85049401,-1.894115858,-1.099951831,2.40550129,0.130775895,0.24974892,11.08398518
202735,explore,decay_factorize_selective_psequate_fixedparams_fmri,2,h_sceptic_fixed_decay_fmri,g_sceptic,-850.6039979,-843.8516984,-846.8516984,-852.0726568,0.021142596,2.610006359,-1.432053675,3.263176927,0.931502801,0.1927789,26.13242623,1.408166099,-0.844885334,3.133491212,0.803476528,0.300506875,22.95397702
204015,explore,decay_factorize_selective_psequate_fixedparams_fmri,2,h_sceptic_fixed_decay_fmri,g_sceptic,-864.3045473,-856.9788244,-859.9788244,-865.1997828,0.020236427,-1.021200395,-1.148076328,2.986613284,0.264793645,0.240840625,19.81844925,-1.224953698,-0.690850235,2.850755977,0.227065867,0.333843961,17.30085595
207224,explore,decay_factorize_selective_psequate_fixedparams_fmri,2,h_sceptic_fixed_decay_fmri,g_sceptic,-911.5386031,-905.440205,-908.440205,-913.6611634,0.008136018,-1.735366018,-0.201731834,2.973483447,0.149902494,0.449737382,19.55993707,-1.783742835,0.05873953,2.883661747,0.143841586,0.514680662,17.87962412
208572,explore,decay_factorize_selective_psequate_fixedparams_fmri,2,h_sceptic_fixed_decay_fmri,g_sceptic,-848.0882427,-839.9577128,-842.9577128,-848.1786712,0.019338524,-3.013013533,-1.678762111,2.141577384,0.046841417,0.157259456,8.512855089,-2.89199325,-0.267634456,2.009109311,0.052550788,0.433487925,7.456672809
210100,explore,decay_factorize_selective_psequate_fixedparams_fmri,2,h_sceptic_fixed_decay_fmri,g_sceptic,-927.268064,-922.4233089,-925.4233089,-930.6442673,0.003808809,-1.06575819,1.209088362,3.302265437,0.256210596,0.770137605,27.17413052,-1.010301441,0.840011771,3.281298918,0.266920863,0.698467695,26.61031489
210290,explore,decay_factorize_selective_psequate_fixedparams_fmri,2,h_sceptic_fixed_decay_fmri,g_sceptic,-837.1094587,-831.4203704,-834.4203704,-839.6413288,0.029525078,1.964831092,1.976129885,2.845622192,0.877054836,0.878268,17.21226468,1.654335041,1.510814761,2.818275074,0.839476083,0.819181922,16.74793679
210374,explore,decay_factorize_selective_psequate_fixedparams_fmri,2,h_sceptic_fixed_decay_fmri,g_sceptic,-883.9960697,-878.1200686,-881.1200686,-886.341027,0.017547766,1.019569513,1.881764177,3.304917119,0.734888737,0.867813631,27.24628329,0.928084499,1.397850475,3.276649052,0.71668651,0.801842569,26.4868677
210701,explore,decay_factorize_selective_psequate_fixedparams_fmri,2,h_sceptic_fixed_decay_fmri,g_sceptic,-716.7142344,-709.0845209,-712.0845209,-717.3054792,0.098048504,-0.708656524,2.441725642,2.083923511,0.329895768,0.919954253,8.035936225,-0.618575161,1.527366351,2.129492543,0.350105578,0.821620652,8.410597709
211038,explore,decay_factorize_selective_psequate_fixedparams_fmri,2,h_sceptic_fixed_decay_fmri,g_sceptic,-933.2999552,-929.3055787,-932.3055787,-937.5265371,0.001837298,2.421381257,2.337255983,4.262007676,0.918443267,0.911915919,70.95228978,1.339036369,1.239058025,4.097031081,0.792331427,0.775400007,60.16140786
211101,explore,decay_factorize_selective_psequate_fixedparams_fmri,1,h_sceptic_fixed_decay_fmri,g_sceptic,-403.6682575,-398.4369679,-401.4369679,-405.6182055,0.045195802,1.06518316,1.626016627,2.685915899,0.743679807,0.835623225,14.67163296,0.941286312,1.175841924,2.672505945,0.719359413,0.764199347,14.47620034
211253,explore,decay_factorize_selective_psequate_fixedparams_fmri,2,h_sceptic_fixed_decay_fmri,g_sceptic,-630.2768002,-622.2515469,-625.2515469,-630.4725053,0.087590844,2.528738913,-1.688081858,2.21050391,0.926132126,0.156028262,9.120311052,1.904586986,-1.597511052,2.19024995,0.870409801,0.168329768,8.937446752
211274,explore,decay_factorize_selective_psequate_fixedparams_fmri,2,h_sceptic_fixed_decay_fmri,g_sceptic,-824.8326287,-816.9267465,-819.9267465,-825.1477049,0.026058562,-1.529981317,-0.864817416,2.611655764,0.17799642,0.296333834,13.62158633,-1.561274674,-0.694050907,2.562802976,0.173463816,0.333132536,12.97212697
211669,explore,decay_factorize_selective_psequate_fixedparams_fmri,2,h_sceptic_fixed_decay_fmri,g_sceptic,-661.9658139,-654.419148,-657.419148,-662.6401064,0.117623471,-0.148363312,2.745471488,1.989000269,0.462977059,0.939657085,7.308223851,-0.144915099,1.758390158,2.01316119,0.463834494,0.853007923,7.486947643
212019,explore,decay_factorize_selective_psequate_fixedparams_fmri,2,h_sceptic_fixed_decay_fmri,g_sceptic,-717.268607,-709.8652925,-712.8652925,-718.0862509,0.059066433,0.996000597,-0.506941913,2.69183126,0.730271521,0.375910686,14.75867816,0.733034421,-0.268604811,2.636564122,0.675470802,0.433249644,13.96513857
212020,explore,decay_factorize_selective_psequate_fixedparams_fmri,2,h_sceptic_fixed_decay_fmri,g_sceptic,-890.0105328,-882.6094606,-885.6094606,-890.830419,0.00960028,-3.240806026,-1.490518157,2.28786443,0.03765867,0.183843968,9.853871559,-3.280671266,-0.972237677,2.153946846,0.036240265,0.274434711,8.618808468
212794,explore,decay_factorize_selective_psequate_fixedparams_fmri,2,h_sceptic_fixed_decay_fmri,g_sceptic,-858.9807477,-852.7023354,-855.7023354,-860.9232937,0.021102553,0.326355984,0.961304303,3.091075272,0.580872468,0.723382872,22.00072202,0.258204696,0.795628898,3.075035218,0.564194915,0.689038684,21.65064438
212856,explore,decay_factorize_selective_psequate_fixedparams_fmri,2,h_sceptic_fixed_decay_fmri,g_sceptic,-756.3115669,-748.7587609,-751.7587609,-756.9797192,0.067323423,0.024723923,-0.268696724,2.586166031,0.506180666,0.433227076,13.27876351,-0.083327172,-0.067344101,2.537296754,0.479180252,0.483170335,12.64544099
212857,explore,decay_factorize_selective_psequate_fixedparams_fmri,2,h_sceptic_fixed_decay_fmri,g_sceptic,-623.6454471,-616.2392028,-619.2392028,-624.4601612,0.118053747,-0.110895021,1.206410878,2.010096342,0.472304622,0.769663279,7.464036411,-0.023038341,0.858185585,2.034184516,0.49424067,0.702281431,7.646014381
213163,explore,decay_factorize_selective_psequate_fixedparams_fmri,1.009803922,h_sceptic_fixed_decay_fmri,g_sceptic,-284.5951036,-278.2835792,-281.2835792,-285.2356727,0.080158455,-0.024537718,-1.214575902,2.571905784,0.493865878,0.2288924,13.09074882,-0.142313142,-0.924865106,2.509073706,0.464481641,0.283967634,12.29353735
213704,explore,decay_factorize_selective_psequate_fixedparams_fmri,2,h_sceptic_fixed_decay_fmri,g_sceptic,-794.382426,-786.1455213,-789.1455213,-794.3664797,0.040978995,-1.853844317,-1.115122598,2.657710606,0.135422162,0.246917112,14.26359669,-1.873215364,-0.88294813,2.605400649,0.133170117,0.292567227,13.53664767
213708,explore,decay_factorize_selective_psequate_fixedparams_fmri,2,h_sceptic_fixed_decay_fmri,g_sceptic,-778.126448,-770.2716919,-773.2716919,-778.4926503,0.036684858,-0.449368925,-1.099890324,2.650389918,0.389510821,0.249760445,14.15955864,-0.540251657,-0.869162845,2.594201109,0.368129043,0.295428527,13.38588922
215211,explore,decay_factorize_selective_psequate_fixedparams_fmri,2,h_sceptic_fixed_decay_fmri,g_sceptic,-852.5358426,-845.8250541,-848.8250541,-854.0460125,0.030238729,-0.181048685,2.058580326,2.641566908,0.454861061,0.886811745,14.03517822,-0.11057132,1.288120736,2.679018944,0.472385299,0.783828934,14.57079151
215537,explore,decay_factorize_selective_psequate_fixedparams_fmri,2,h_sceptic_fixed_decay_fmri,g_sceptic,-619.6172667,-612.6526955,-615.6526955,-620.8736539,0.12088343,-0.156936064,2.203584292,1.967162186,0.46084631,0.900570919,7.150356287,-0.04430061,1.384222672,2.001928687,0.488926658,0.799668323,7.403321029
215622,explore,decay_factorize_selective_psequate_fixedparams_fmri,2,h_sceptic_fixed_decay_fmri,g_sceptic,-765.0417274,-757.8423104,-760.8423104,-766.0632688,0.054171392,-0.29213203,0.2470072,2.677447089,0.427481991,0.561439734,14.54790634,-0.329042972,0.320588431,2.652741806,0.418473501,0.57946765,14.19289953
216011,explore,decay_factorize_selective_psequate_fixedparams_fmri,2,h_sceptic_fixed_decay_fmri,g_sceptic,-844.7067587,-838.6048653,-841.6048653,-846.8258237,0.023741547,0.569097678,1.90010917,2.831525669,0.638554943,0.86990388,16.97133372,0.612580169,1.364504109,2.847599469,0.648529148,0.796490758,17.24633176
216028,explore,decay_factorize_selective_psequate_fixedparams_fmri,2,h_sceptic_fixed_decay_fmri,g_sceptic,-865.709493,-858.3367121,-861.3367121,-866.5576705,0.01549559,-1.304067149,-1.617266698,3.016054419,0.213481319,0.165582172,20.41060093,-1.396329836,-1.079682903,2.874341486,0.198399158,0.25356603,17.71375552
216806,explore,decay_factorize_selective_psequate_fixedparams_fmri,2,h_sceptic_fixed_decay_fmri,g_sceptic,-728.2105688,-721.4236263,-724.4236263,-729.6445847,0.089165466,1.159460872,1.205848119,2.459949427,0.761234738,0.769563497,11.7042196,1.155832228,1.04702641,2.459146169,0.760574584,0.740203479,11.69482188
216845,explore,decay_factorize_selective_psequate_fixedparams_fmri,2,h_sceptic_fixed_decay_fmri,g_sceptic,-913.4277415,-906.9603156,-909.9603156,-915.181274,0.006773655,-3.648330981,1.291444212,2.207258612,0.025373947,0.784391536,9.0907609,-2.96819635,0.644975098,2.451172449,0.048883514,0.65587722,11.60194143
217008,explore,decay_factorize_selective_psequate_fixedparams_fmri,2,h_sceptic_fixed_decay_fmri,g_sceptic,-940.1815005,-938.3519804,-941.3519804,-946.5729388,7.33E-05,0.190275382,0.457520274,4.713686959,0.547425845,0.612425751,111.4623604,-0.526389394,0.752847139,3.82725207,0.371359398,0.67979876,45.93613533
217173,explore,decay_factorize_selective_psequate_fixedparams_fmri,2,h_sceptic_fixed_decay_fmri,g_sceptic,-815.1573438,-806.9506967,-809.9506967,-815.1716551,0.032887673,-2.719454519,-0.624927834,2.170784209,0.061835104,0.348661524,8.76515506,-2.672345829,-0.478886555,2.142812018,0.064625022,0.382515084,8.52337184
218219,explore,decay_factorize_selective_psequate_fixedparams_fmri,2,h_sceptic_fixed_decay_fmri,g_sceptic,-880.192702,-873.2679531,-876.2679531,-881.4889115,0.011539047,1.632810588,-2.809230836,3.651109651,0.836554297,0.056827393,38.51738319,0.064193892,-2.070533172,3.41372318,0.516042964,0.111994004,30.37813725
218572,explore,decay_factorize_selective_psequate_fixedparams_fmri,2,h_sceptic_fixed_decay_fmri,g_sceptic,-906.1800252,-901.3562467,-904.3562467,-909.5772051,0.01004939,1.449626199,2.079004075,3.35061498,0.809940898,0.888845674,28.52026763,1.139834876,1.376879774,3.293840767,0.75764932,0.79848941,26.94615909
219044,explore,decay_factorize_selective_psequate_fixedparams_fmri,2,h_sceptic_fixed_decay_fmri,g_sceptic,-936.8696451,-931.7277418,-934.7277418,-939.9487002,0.000996701,-3.870117185,-1.733353051,2.426060006,0.020429843,0.150159191,11.3142162,-3.563121951,-0.817235827,2.412368607,0.027568605,0.306350732,11.16036438
219089,explore,decay_factorize_selective_psequate_fixedparams_fmri,2,h_sceptic_fixed_decay_fmri,g_sceptic,-787.4783076,-779.2704663,-782.2704663,-787.4914247,0.034431234,0.37227415,-2.576450469,2.927907093,0.592008379,0.070669493,18.68847629,0.272178051,-2.352995331,2.901657374,0.567627535,0.086827983,18.2042917
219392,explore,decay_factorize_selective_psequate_fixedparams_fmri,2,h_sceptic_fixed_decay_fmri,g_sceptic,-711.7973212,-704.5245483,-707.5245483,-712.7455067,0.07747237,2.571284486,-0.782929271,2.57126354,0.928990476,0.313688905,13.08234406,1.697318851,-0.440672987,2.504404567,0.845184236,0.391580622,12.23627092
219658,explore,decay_factorize_selective_psequate_fixedparams_fmri,2,h_sceptic_fixed_decay_fmri,g_sceptic,-699.5536624,-691.3810959,-694.3810959,-699.6020543,0.076243175,1.120852926,-1.614304428,2.507391872,0.754146891,0.165991858,12.27287905,0.956956974,-1.420538367,2.474953124,0.722512127,0.194577199,11.88115016
219676,explore,decay_factorize_selective_psequate_fixedparams_fmri,2,h_sceptic_fixed_decay_fmri,g_sceptic,-909.9040688,-902.651386,-905.651386,-910.8723444,0.004973668,-2.144874032,-3.225480545,3.256611113,0.104811199,0.038218025,25.96140762,-2.221652804,-1.76654435,3.028111659,0.097822842,0.1459726,20.65818603
219944,explore,decay_factorize_selective_psequate_fixedparams_fmri,2,h_sceptic_fixed_decay_fmri,g_sceptic,-868.8604386,-863.4322844,-866.4322844,-871.6532428,0.027193316,2.008315186,1.07212455,3.185205126,0.881667358,0.745000736,24.17224626,1.499376661,1.102464039,3.118433233,0.817481488,0.750721507,22.61092584
219949,explore,decay_factorize_selective_psequate_fixedparams_fmri,1,h_sceptic_fixed_decay_fmri,g_sceptic,-415.109554,-408.5528161,-411.5528161,-415.7340537,0.038468707,-0.231387035,-0.082056831,2.904589379,0.44240996,0.479497295,18.25774509,-0.128840295,0.150755708,2.82353228,0.467834409,0.537617708,16.83621598
219954,explore,decay_factorize_selective_psequate_fixedparams_fmri,2,h_sceptic_fixed_decay_fmri,g_sceptic,-786.928547,-779.9797044,-782.9797044,-788.2006628,0.036203627,0.829083412,-0.079067678,2.760887802,0.696161087,0.480243372,15.81387631,0.174916268,0.393085378,2.617350537,0.543617914,0.59702522,13.69937947
220024,explore,decay_factorize_selective_psequate_fixedparams_fmri,2,h_sceptic_fixed_decay_fmri,g_sceptic,-916.4137056,-909.7145148,-912.7145148,-917.9354732,0.006831541,-3.684644798,0.94534288,2.302058348,0.024491213,0.720177629,9.994733936,-3.207374643,0.439353168,2.499404369,0.038889144,0.608104893,12.17523985
220043,explore,decay_factorize_selective_psequate_fixedparams_fmri,2,h_sceptic_fixed_decay_fmri,g_sceptic,-860.3800774,-853.5529041,-856.5529041,-861.7738625,0.019376069,0.526944788,-1.053771074,3.114094207,0.628770251,0.258501609,22.51302897,0.08852017,-0.612219376,2.971622791,0.522115603,0.351553095,19.52357659
220104,explore,decay_factorize_selective_psequate_fixedparams_fmri,2,h_sceptic_fixed_decay_fmri,g_sceptic,-810.0354603,-803.0526462,-806.0526462,-811.2736046,0.043025489,3.244597928,-0.625030115,2.976312242,0.96247851,0.348638297,19.61534644,1.93827736,-0.226836146,2.892340126,0.874162771,0.443532881,18.03546552
220152,explore,decay_factorize_selective_psequate_fixedparams_fmri,2,h_sceptic_fixed_decay_fmri,g_sceptic,-881.7202523,-874.8242383,-877.8242383,-883.0451967,0.013151733,-1.7283931,-1.043688466,2.965041061,0.150793236,0.26043893,19.39549963,-1.794101449,-0.647028973,2.850625045,0.14257061,0.343659364,17.29859086
220184,explore,decay_factorize_selective_psequate_fixedparams_fmri,2,h_sceptic_fixed_decay_fmri,g_sceptic,-740.3738408,-732.8092768,-735.8092768,-741.0302351,0.075963364,-0.431052278,0.790740802,2.415002716,0.393875086,0.687990373,11.18980074,-0.364585643,0.576463501,2.435111209,0.409849966,0.640253252,11.41708833
220186,explore,decay_factorize_selective_psequate_fixedparams_fmri,2,h_sceptic_fixed_decay_fmri,g_sceptic,-852.7923009,-846.6847606,-849.6847606,-854.905719,0.020840214,2.602953397,0.420573345,3.144380366,0.931051413,0.603620438,23.20529224,1.639489265,0.730639567,3.057197804,0.837465429,0.674945605,21.26787682
220244,explore,decay_factorize_selective_psequate_fixedparams_fmri,2,h_sceptic_fixed_decay_fmri,g_sceptic,-745.5830784,-738.1869821,-741.1869821,-746.4079405,0.070169646,-0.150518065,1.015053735,2.444467235,0.462441367,0.734008007,11.52440816,-0.086348892,0.701142397,2.465709971,0.47842618,0.668441007,11.77183685
220299,explore,decay_factorize_selective_psequate_fixedparams_fmri,2,h_sceptic_fixed_decay_fmri,g_sceptic,-710.6510975,-703.4602496,-706.4602496,-711.681208,0.092070143,-0.038452917,1.919107616,2.168554497,0.490387955,0.872038887,8.745633061,0.058888657,1.169816784,2.213645989,0.514717911,0.763111896,9.149012861
220513,explore,decay_factorize_selective_psequate_fixedparams_fmri,2,h_sceptic_fixed_decay_fmri,g_sceptic,-877.9760267,-870.834628,-873.834628,-879.0555864,0.016805697,-3.105643191,1.324974684,2.039820149,0.042875079,0.790008173,7.689226157,-2.804740869,0.580350443,2.203785683,0.057068526,0.641148039,9.059244092
220523,explore,decay_factorize_selective_psequate_fixedparams_fmri,2,h_sceptic_fixed_decay_fmri,g_sceptic,-902.9546321,-897.5601821,-900.5601821,-905.7811405,0.009464476,2.481476012,2.000391619,3.553137872,0.922832973,0.880838189,34.92272877,1.169059372,1.23444762,3.466377508,0.76297495,0.774596063,32.02053795
220531,explore,decay_factorize_selective_psequate_fixedparams_fmri,2,h_sceptic_fixed_decay_fmri,g_sceptic,-680.668237,-673.4938966,-676.4938966,-681.714855,0.100391554,0.513338856,2.003352308,2.249044484,0.625588853,0.881148599,9.478674486,0.611551287,1.319243421,2.281126555,0.64829459,0.789055803,9.787700588
220566,explore,decay_factorize_selective_psequate_fixedparams_fmri,2,h_sceptic_fixed_decay_fmri,g_sceptic,-688.6278313,-681.3749247,-684.3749247,-689.5958831,0.101322531,0.183854139,1.05943251,2.342454663,0.545834498,0.742582082,10.4067503,0.247641772,0.807067461,2.357352789,0.561595976,0.691484246,10.56295205
220597,explore,decay_factorize_selective_psequate_fixedparams_fmri,2,h_sceptic_fixed_decay_fmri,g_sceptic,-814.5356634,-806.9155308,-809.9155308,-815.1364892,0.036092708,0.302692094,-1.040408844,2.786955338,0.575100489,0.261071115,16.23152498,0.098585611,-0.777329737,2.711538863,0.52462646,0.314895674,15.05242132
220649,explore,decay_factorize_selective_psequate_fixedparams_fmri,2,h_sceptic_fixed_decay_fmri,g_sceptic,-856.9393349,-851.0632986,-854.0632986,-859.2842569,0.023479623,0.215461658,1.118186994,2.882148944,0.553657991,0.753652267,17.85259622,0.22567167,0.671553779,2.897246187,0.556179694,0.661850989,18.12416601
220740,explore,decay_factorize_selective_psequate_fixedparams_fmri,2,h_sceptic_fixed_decay_fmri,g_sceptic,-758.2624603,-750.8812112,-753.8812112,-759.1021696,0.059302235,2.167420626,-1.015243983,2.676502612,0.897285483,0.26595485,14.53417266,1.459778118,-0.625529816,2.594590963,0.811498736,0.348524828,13.39110878
220758,explore,decay_factorize_selective_psequate_fixedparams_fmri,2,h_sceptic_fixed_decay_fmri,g_sceptic,-861.8586835,-855.9809884,-858.9809884,-864.2019468,0.023557675,0.620413481,1.804781023,2.876019856,0.650312582,0.858729929,17.74351073,0.518982341,1.160882392,2.875322278,0.626909773,0.761493013,17.73113756
220796,explore,decay_factorize_selective_psequate_fixedparams_fmri,2,h_sceptic_fixed_decay_fmri,g_sceptic,-636.7607385,-629.8530024,-632.8530024,-638.0739608,0.097202064,0.568874487,0.997918506,2.16495847,0.638503428,0.730649135,8.714240004,0.600471374,0.847027169,2.170269705,0.645764141,0.699943151,8.760646514
220865,explore,decay_factorize_selective_psequate_fixedparams_fmri,2,h_sceptic_fixed_decay_fmri,g_sceptic,-908.5367282,-901.5002808,-904.5002808,-909.7212392,0.007922029,-3.497827404,-0.542314629,2.305473605,0.029374112,0.367649305,10.02892687,-2.028898669,0.587120861,2.899496842,0.116201981,0.642704265,18.1650032
220889,explore,decay_factorize_selective_psequate_fixedparams_fmri,2,h_sceptic_fixed_decay_fmri,g_sceptic,-711.2816165,-703.3018151,-706.3018151,-711.5227735,0.105153248,-0.050087998,2.969266569,2.321306958,0.487480618,0.95116622,10.18898218,0.024389185,1.980820491,2.345818053,0.506096994,0.878768599,10.44181119
220913,explore,decay_factorize_selective_psequate_fixedparams_fmri,2,h_sceptic_fixed_decay_fmri,g_sceptic,-714.4251625,-706.2731117,-709.2731117,-714.4940701,0.075407425,0.113892001,-0.578276567,2.525878761,0.528442262,0.359329252,12.5018766,-0.04156503,-0.343569682,2.473299359,0.489610238,0.41494262,11.86151777
220914,explore,decay_factorize_selective_psequate_fixedparams_fmri,2,h_sceptic_fixed_decay_fmri,g_sceptic,-844.6006381,-837.5129538,-840.5129538,-845.7339122,0.018579278,0.406318729,-1.282226699,3.063109121,0.600204851,0.217171429,21.39397031,0.140804892,-0.965571518,2.963958779,0.53514318,0.275764073,19.37451958
220927,explore,decay_factorize_selective_psequate_fixedparams_fmri,2,h_sceptic_fixed_decay_fmri,g_sceptic,-773.5467078,-766.6186523,-769.6186523,-774.8396107,0.06230306,0.266357987,0.386829974,2.733912201,0.566198578,0.595519348,15.39298985,0.196897982,0.440207984,2.70726066,0.549066078,0.608308588,14.98816155
220947,explore,decay_factorize_selective_psequate_fixedparams_fmri,2,h_sceptic_fixed_decay_fmri,g_sceptic,-625.766365,-617.2950557,-620.2950557,-625.5160141,0.112842826,-2.429202733,1.623745726,1.957385024,0.080972778,0.835311063,7.080786747,-1.828954888,1.022576642,2.03289989,0.138362824,0.735474194,7.636198419
220963,explore,decay_factorize_selective_psequate_fixedparams_fmri,2,h_sceptic_fixed_decay_fmri,g_sceptic,-602.3034817,-593.6050925,-596.6050925,-601.8260509,0.132123201,1.695866602,-0.446096144,1.9013044,0.844994117,0.390289343,6.694621215,1.427289258,-0.331826974,1.877723409,0.806478599,0.417796159,6.538602182
220976,explore,decay_factorize_selective_psequate_fixedparams_fmri,2,h_sceptic_fixed_decay_fmri,g_sceptic,-772.7716438,-765.366131,-768.366131,-773.5870894,0.049336883,1.033574543,-0.458607779,2.816219299,0.737608308,0.387316149,16.71354217,0.661616025,-0.166437693,2.744526612,0.659623312,0.458486365,15.55724758
220989,explore,decay_factorize_selective_psequate_fixedparams_fmri,2,h_sceptic_fixed_decay_fmri,g_sceptic,-784.1851003,-776.9189979,-779.9189979,-785.1399563,0.053063505,-1.244172244,1.384370411,2.334959774,0.223710582,0.79969199,10.32904443,-1.126603737,0.848166122,2.393671108,0.244788414,0.700182303,10.95363218
221018,explore,decay_factorize_selective_psequate_fixedparams_fmri,2,h_sceptic_fixed_decay_fmri,g_sceptic,-742.3008224,-735.2836566,-738.2836566,-743.504615,0.05567536,2.940967374,-0.086599908,2.737708766,0.94983484,0.478363543,15.45154141,1.975550669,0.135278823,2.686947056,0.87820606,0.533768224,14.68676952
221036,explore,decay_factorize_selective_psequate_fixedparams_fmri,2,h_sceptic_fixed_decay_fmri,g_sceptic,-751.7364369,-744.9635167,-747.9635167,-753.1844751,0.06249338,0.979839066,2.090262976,2.644750128,0.727076282,0.889953182,14.07992646,1.036522477,1.465272074,2.661193954,0.738178458,0.8123377,14.31336841
221050,explore,decay_factorize_selective_psequate_fixedparams_fmri,2,h_sceptic_fixed_decay_fmri,g_sceptic,-862.5134694,-855.1078513,-858.1078513,-863.3288097,0.019994089,-1.457171619,-1.268479956,2.907577046,0.188900301,0.21951757,18.31237473,-1.349683746,-0.722348873,2.834886843,0.205922081,0.326875955,17.02847331
221080,explore,decay_factorize_selective_psequate_fixedparams_fmri,2,h_sceptic_fixed_decay_fmri,g_sceptic,-914.498603,-909.676059,-912.676059,-917.8970174,0.002756292,2.41836692,2.317209177,3.599751868,0.918217192,0.910292301,36.58915437,1.40583279,1.595089172,3.497226485,0.803107833,0.831330909,33.02373301
221085,explore,decay_factorize_selective_psequate_fixedparams_fmri,2,h_sceptic_fixed_decay_fmri,g_sceptic,-816.9714686,-810.818897,-813.818897,-819.0398553,0.040807433,1.491783168,0.59876951,2.932903752,0.816345765,0.645374739,18.78208991,1.137840989,0.769969852,2.875059747,0.757283021,0.683514372,17.72648319
221181,explore,decay_factorize_selective_psequate_fixedparams_fmri,2,h_sceptic_fixed_decay_fmri,g_sceptic,-918.9581564,-912.4697832,-915.4697832,-920.6907416,0.003995,-2.764358915,-2.32522916,2.967506307,0.059280817,0.089054936,19.44337329,-1.512682716,0.124021424,2.951837943,0.180541556,0.530965675,19.14110166
221183,explore,decay_factorize_selective_psequate_fixedparams_fmri,2,h_sceptic_fixed_decay_fmri,g_sceptic,-813.2913797,-805.9747042,-808.9747042,-814.1956626,0.044693784,0.215447785,-0.476445887,2.926176268,0.553654563,0.383091728,18.6561578,-0.05292545,-0.163560477,2.835314752,0.486771725,0.459200795,17.03576149
221206,explore,decay_factorize_selective_psequate_fixedparams_fmri,2,h_sceptic_fixed_decay_fmri,g_sceptic,-809.5113355,-802.1946338,-805.1946338,-810.4155921,0.032589123,0.710671542,0.014399406,2.902387208,0.670549529,0.503599789,18.21758266,0.176003044,0.366854798,2.789736678,0.543887527,0.590698769,16.27673322
221212,explore,decay_factorize_selective_psequate_fixedparams_fmri,2,h_sceptic_fixed_decay_fmri,g_sceptic,-849.6892965,-843.3530919,-846.3530919,-851.5740503,0.028745146,0.059653558,1.494802471,2.783642312,0.514908969,0.816798003,16.1778385,0.128543611,0.991291443,2.810943532,0.532091726,0.729342931,16.62559761
221228,explore,decay_factorize_selective_psequate_fixedparams_fmri,2,h_sceptic_fixed_decay_fmri,g_sceptic,-723.8822242,-716.1673006,-719.1673006,-724.3882589,0.048872487,2.525029346,-1.980899125,2.677363718,0.925877948,0.121223024,14.54669352,1.731660422,-1.766290103,2.635565906,0.849624683,0.146004298,13.9512053
221229,explore,decay_factorize_selective_psequate_fixedparams_fmri,2,h_sceptic_fixed_decay_fmri,g_sceptic,-749.8582903,-742.8668662,-745.8668662,-751.0878246,0.06309281,0.105992265,2.209776891,2.330991347,0.526473287,0.901124049,10.28813559,0.198098408,1.4192336,2.366085642,0.549363277,0.80521824,10.65560071
221256,explore,decay_factorize_selective_psequate_fixedparams_fmri,2,h_sceptic_fixed_decay_fmri,g_sceptic,-825.4747224,-819.0325581,-822.0325581,-827.2535165,0.037503422,-0.326297543,1.082690594,2.607071811,0.41914176,0.747002815,13.5592885,-0.248714366,0.684126454,2.640233314,0.438139963,0.664659056,14.01647347
221261,explore,decay_factorize_selective_psequate_fixedparams_fmri,2,h_sceptic_fixed_decay_fmri,g_sceptic,-754.8147183,-748.0856215,-751.0856215,-756.3065799,0.068286449,0.201248859,1.895838281,2.46922926,0.550143091,0.869419775,11.81333833,0.318016448,1.212916117,2.508177467,0.578840769,0.770814515,12.28252434
221262,explore,decay_factorize_selective_psequate_fixedparams_fmri,2,h_sceptic_fixed_decay_fmri,g_sceptic,-800.4453424,-793.3465279,-796.3465279,-801.5674863,0.04743183,2.427487291,-1.18712418,3.156522364,0.918899474,0.233773669,23.48876835,1.504752997,-0.812777404,3.077562998,0.818282298,0.307298964,21.70544168
221273,explore,decay_factorize_selective_psequate_fixedparams_fmri,2,h_sceptic_fixed_decay_fmri,g_sceptic,-834.2804146,-827.1478258,-830.1478258,-835.3687842,0.024907802,-2.681925682,1.08850144,1.975818236,0.064048343,0.748099427,7.212518779,-2.47477437,0.508885052,2.08205545,0.077645621,0.624545068,8.020938617
221292,explore,decay_factorize_selective_psequate_fixedparams_fmri,2,h_sceptic_fixed_decay_fmri,g_sceptic,-407.5846492,-399.226912,-402.226912,-407.4478704,0.257140913,-2.117966938,2.764862739,0.94154035,0.107362756,0.940747273,2.563927725,-1.983356788,1.679753248,0.962465579,0.120961458,0.842871854,2.618143761
221298,explore,decay_factorize_selective_psequate_fixedparams_fmri,2,h_sceptic_fixed_decay_fmri,g_sceptic,-785.9237718,-779.6310932,-782.6310932,-787.8520516,0.046533192,3.629396229,2.69331964,2.6048543,0.974153563,0.936631298,13.52925394,2.572861462,1.956038446,2.595166672,0.929094434,0.876103581,13.39882039
221448,explore,decay_factorize_selective_psequate_fixedparams_fmri,1.508333333,h_sceptic_fixed_decay_fmri,g_sceptic,-511.4762249,-504.3510146,-507.3510146,-512.1487602,0.086901427,-1.118648386,1.037234873,2.057234767,0.246262081,0.73831612,7.824303842,-1.006263849,0.666274724,2.091367555,0.267711658,0.660668506,8.095979298
221610,explore,decay_factorize_selective_psequate_fixedparams_fmri,2,h_sceptic_fixed_decay_fmri,g_sceptic,-820.4259225,-813.5547897,-816.5547897,-821.7757481,0.030756201,3.008679632,-0.406681904,3.06150774,0.952964706,0.399708005,21.35973782,1.844729,-0.076302253,2.978658283,0.863507038,0.480933686,19.66141888
221637,explore,decay_factorize_selective_psequate_fixedparams_fmri,2,h_sceptic_fixed_decay_fmri,g_sceptic,-476.9736391,-469.1240515,-472.1240515,-477.3450099,0.150318279,-1.830198422,-0.164941535,1.58668239,0.138214638,0.458857849,4.887507161,-1.604003242,-0.220492869,1.5732498,0.167422851,0.44509903,4.822294247
221680,explore,decay_factorize_selective_psequate_fixedparams_fmri,2,h_sceptic_fixed_decay_fmri,g_sceptic,-925.2990354,-919.3175155,-922.3175155,-927.5384739,0.003456106,-3.247929098,-0.268436032,2.44328606,0.037401375,0.433291087,11.51080386,-2.961834683,-0.2603258,2.513865449,0.049180144,0.435283621,12.35258619
221698,explore,decay_factorize_selective_psequate_fixedparams_fmri,2,h_sceptic_fixed_decay_fmri,g_sceptic,-821.9281241,-814.0005977,-817.0005977,-822.2215561,0.027131847,-0.721639936,-1.619605407,2.928855381,0.32703196,0.165259297,18.70620677,-0.649275877,-1.220024203,2.862556724,0.343152736,0.227932192,17.50622836
221715,explore,decay_factorize_selective_psequate_fixedparams_fmri,2,h_sceptic_fixed_decay_fmri,g_sceptic,-892.2451433,-886.3125981,-889.3125981,-894.5335565,0.013772058,0.624472445,-0.45430472,3.376342933,0.651235051,0.388337769,29.26355641,0.173886707,0.078403134,3.205372403,0.543362471,0.519590749,24.6646835
221910,explore,decay_factorize_selective_psequate_fixedparams_fmri,2,h_sceptic_fixed_decay_fmri,g_sceptic,-913.0022446,-906.2925812,-909.2925812,-914.5135396,0.007283159,-4.217422561,-0.389858421,1.906366386,0.014522566,0.403751384,6.728595208,-3.731440616,-0.307419263,2.145022146,0.023397728,0.423744792,8.542230412
221916,explore,decay_factorize_selective_psequate_fixedparams_fmri,2,h_sceptic_fixed_decay_fmri,g_sceptic,-913.5194013,-907.2338881,-910.2338881,-915.4548465,0.006179819,-4.185138992,0.356099602,1.811612858,0.014991913,0.588095931,6.120310667,-3.406989821,0.130774095,2.151731291,0.032077729,0.53264701,8.599734159
222067,explore,decay_factorize_selective_psequate_fixedparams_fmri,2,h_sceptic_fixed_decay_fmri,g_sceptic,-816.4808968,-808.5271161,-811.5271161,-816.7480745,0.029800026,1.303068082,-2.932654903,3.054247063,0.786350883,0.050562722,21.20521333,0.9750831,-2.495558148,3.000287168,0.726131507,0.076170158,20.09130567
222093,explore,decay_factorize_selective_psequate_fixedparams_fmri,2,h_sceptic_fixed_decay_fmri,g_sceptic,-778.7158523,-771.3992162,-774.3992162,-779.6201745,0.051818668,1.275532892,0.005300876,2.655875774,0.781688416,0.501325216,14.23744938,1.007742449,0.214461376,2.600407524,0.73257811,0.553410787,13.46922595
222112,explore,decay_factorize_selective_psequate_fixedparams_fmri,2,h_sceptic_fixed_decay_fmri,g_sceptic,-804.3083996,-797.6689483,-800.6689483,-805.8899067,0.046575483,0.404133785,2.28377406,2.523262306,0.59968044,0.907524268,12.46920876,0.467038194,1.486087934,2.550721786,0.614682497,0.815490366,12.8163511
222121,explore,decay_factorize_selective_psequate_fixedparams_fmri,1.875,h_sceptic_fixed_decay_fmri,g_sceptic,-821.7533644,-815.7845455,-818.7845455,-823.9086961,0.024956904,-1.289989694,2.565026763,2.451754504,0.215854556,0.928576562,11.60869636,-1.163709505,1.610346662,2.498755367,0.237993903,0.83345951,12.16734066
35780,explore,decay_factorize_selective_psequate_fixedparams_fmri,2,h_sceptic_fixed_decay_fmri,g_sceptic,-794.2022006,-786.6598755,-789.6598755,-794.8808339,0.041843589,-0.490676463,-0.795389314,2.779313285,0.379734223,0.311012653,16.10795557,-0.638769655,-0.442159387,2.693477112,0.345524714,0.391226551,14.78298876
37542,explore,decay_factorize_selective_psequate_fixedparams_fmri,2,h_sceptic_fixed_decay_fmri,g_sceptic,-740.1852367,-733.0035334,-736.0035334,-741.2244918,0.091755844,0.679478123,2.52354122,2.318585381,0.663622209,0.925775756,10.16128978,0.775680161,1.696249916,2.344296518,0.684748343,0.845044317,10.42593569
431100,explore,decay_factorize_selective_psequate_fixedparams_fmri,2,h_sceptic_fixed_decay_fmri,g_sceptic,-894.759406,-889.5265761,-892.5265761,-897.7475344,0.01157308,1.189475785,1.675595551,3.391563133,0.766647295,0.842320428,29.71236037,0.996852649,1.283879491,3.347569804,0.730439322,0.783109427,28.43355053
431106,explore,decay_factorize_selective_psequate_fixedparams_fmri,2,h_sceptic_fixed_decay_fmri,g_sceptic,-745.0909982,-737.7488573,-740.7488573,-745.9698156,0.070237002,1.697285742,0.085343127,2.578355713,0.845179904,0.521322841,13.17545611,1.270140756,0.330395702,2.522654676,0.780766842,0.581855654,12.46163439
440024,explore,decay_factorize_selective_psequate_fixedparams_fmri,2,h_sceptic_fixed_decay_fmri,g_sceptic,-788.2726208,-781.2846368,-784.2846368,-789.5055952,0.043358872,1.611024911,-0.728549914,2.943763668,0.833553633,0.32551302,18.98717342,0.990861206,-0.259486726,2.836584972,0.729257993,0.435489887,17.05741441
440042,explore,decay_factorize_selective_psequate_fixedparams_fmri,2,h_sceptic_fixed_decay_fmri,g_sceptic,-918.3741939,-912.4913155,-915.4913155,-920.7122739,0.005170646,-1.334001458,-1.063440021,3.362139278,0.208498248,0.256652612,28.85084488,-1.295671531,-0.480068053,3.211034491,0.214894393,0.382236056,24.80473322
440066,explore,decay_factorize_selective_psequate_fixedparams_fmri,2,h_sceptic_fixed_decay_fmri,g_sceptic,-867.5264742,-862.1823752,-865.1823752,-870.4033335,0.018859293,1.836411343,1.338292204,3.200668402,0.86252373,0.792208954,24.54893328,1.357881435,1.168780133,3.151384369,0.795415159,0.762924448,23.36839267
440072,explore,decay_factorize_selective_psequate_fixedparams_fmri,2,h_sceptic_fixed_decay_fmri,g_sceptic,-798.3937245,-792.3549778,-795.3549778,-800.5759362,0.053914551,1.323115198,2.157087865,2.663795494,0.789699527,0.896329255,14.35065369,1.30544863,1.51229953,2.670251655,0.78675055,0.819401746,14.44360355
440120,explore,decay_factorize_selective_psequate_fixedparams_fmri,2,h_sceptic_fixed_decay_fmri,g_sceptic,-851.7864737,-844.0614594,-847.0614594,-852.2824178,0.020117981,0.029721359,-2.18723792,3.184323862,0.507429793,0.100902397,24.15095351,-0.147885055,-1.897253766,3.124317471,0.463095969,0.13041961,22.74436612
440138,explore,decay_factorize_selective_psequate_fixedparams_fmri,2,h_sceptic_fixed_decay_fmri,g_sceptic,-788.8342316,-782.3113897,-785.3113897,-790.532348,0.049631978,2.577809718,0.467146399,2.900721733,0.929419724,0.614708125,18.18726698,1.754045348,0.679581331,2.840842269,0.852462312,0.663645248,17.13018769
440149,explore,decay_factorize_selective_psequate_fixedparams_fmri,2,h_sceptic_fixed_decay_fmri,g_sceptic,-710.0393452,-702.9793066,-705.9793066,-711.200265,0.073006014,2.550118552,-0.420942338,2.523296651,0.927581478,0.396291279,12.46963701,1.676772541,-0.055107168,2.454177385,0.842476688,0.486226693,11.63685696
440165,explore,decay_factorize_selective_psequate_fixedparams_fmri,2,h_sceptic_fixed_decay_fmri,g_sceptic,-844.8758915,-836.6185043,-839.6185043,-844.8394627,0.020188816,-1.917609058,-1.472025841,2.547156602,0.128128425,0.186634892,12.77073981,-1.873967639,-0.962321995,2.473638642,0.133083301,0.276413534,11.86554286
440166,explore,decay_factorize_selective_psequate_fixedparams_fmri,2,h_sceptic_fixed_decay_fmri,g_sceptic,-761.7392752,-755.3671229,-758.3671229,-763.5880813,0.083889711,1.514501493,2.555257738,2.556520285,0.819727369,0.92792594,12.89088258,1.483097543,1.78347597,2.559894487,0.81503999,0.856125547,12.93445248
440181,explore,decay_factorize_selective_psequate_fixedparams_fmri,2,h_sceptic_fixed_decay_fmri,g_sceptic,-728.9479839,-720.7254343,-723.7254343,-728.9463927,0.052420846,0.103498783,-1.2212653,2.600839487,0.525851623,0.227713858,13.47504541,0.016649071,-1.07351497,2.565045856,0.504162172,0.254735209,13.00125454
440182,explore,decay_factorize_selective_psequate_fixedparams_fmri,2,h_sceptic_fixed_decay_fmri,g_sceptic,-764.0402421,-756.263455,-759.263455,-764.4844134,0.06190474,2.110826808,-1.497846906,2.845033598,0.891951041,0.18274687,17.20213662,1.485127686,-1.276222207,2.78804796,0.815345838,0.218193974,16.2492696
440184,explore,decay_factorize_selective_psequate_fixedparams_fmri,2,h_sceptic_fixed_decay_fmri,g_sceptic,-842.0654314,-834.8753833,-837.8753833,-843.0963417,0.024242664,2.15578135,-2.152862517,3.327557428,0.896207787,0.104064035,27.87018357,1.123492054,-1.235060576,3.159992425,0.754635882,0.225296935,23.57041739
440196,explore,decay_factorize_selective_psequate_fixedparams_fmri,2,h_sceptic_fixed_decay_fmri,g_sceptic,-891.3508617,-886.4512203,-889.4512203,-894.6721787,0.012891116,1.8443324,1.36320514,3.278599671,0.863460287,0.796280123,26.53858391,1.169679762,0.967757488,3.196130482,0.763087126,0.724672292,24.43778456
440199,explore,decay_factorize_selective_psequate_fixedparams_fmri,2,h_sceptic_fixed_decay_fmri,g_sceptic,-829.1094366,-821.9839189,-824.9839189,-830.2048773,0.031902073,-0.157459767,-0.140413401,2.66222144,0.46071619,0.464954211,14.32808275,-0.2664498,0.029752497,2.607962894,0.433778871,0.507437576,13.57137634
440200,explore,decay_factorize_selective_psequate_fixedparams_fmri,2,h_sceptic_fixed_decay_fmri,g_sceptic,-879.5697641,-873.5839652,-876.5839652,-881.8049236,0.016813271,2.694867619,0.075159703,3.368817936,0.936723113,0.518781085,29.04417467,1.613424046,0.471363121,3.25667939,0.833886227,0.615706338,25.96318024
440214,explore,decay_factorize_selective_psequate_fixedparams_fmri,2,h_sceptic_fixed_decay_fmri,g_sceptic,-805.7490983,-799.4423062,-802.4423062,-807.6632646,0.047031181,1.105964249,1.207104526,2.682441975,0.751375957,0.769786227,14.62075326,1.032644626,1.018603473,2.671252104,0.73742829,0.734700483,14.45806085
440215,explore,decay_factorize_selective_psequate_fixedparams_fmri,2,h_sceptic_fixed_decay_fmri,g_sceptic,-878.1753078,-872.1749153,-875.1749153,-880.3958736,0.022895715,1.324296803,2.340301252,3.140448543,0.789895694,0.912160225,23.11423226,1.131662286,1.663806603,3.113895823,0.756145537,0.840748332,22.50856318
440216,explore,decay_factorize_selective_psequate_fixedparams_fmri,2,h_sceptic_fixed_decay_fmri,g_sceptic,-814.46677,-808.0676945,-811.0676945,-816.2886529,0.028870983,1.546313287,2.393707929,3.001156644,0.824380617,0.916346241,20.10878219,1.433147491,1.658108628,2.99413293,0.807391257,0.839983945,19.96803869
440237,explore,decay_factorize_selective_psequate_fixedparams_fmri,2,h_sceptic_fixed_decay_fmri,g_sceptic,-834.550474,-827.4280154,-830.4280154,-835.6489738,0.029535704,0.850976002,0.716657332,2.984874787,0.700771841,0.671870514,19.78402486,0.299561632,0.924018357,2.883074593,0.574335351,0.715860165,17.8691291
440243,explore,decay_factorize_selective_psequate_fixedparams_fmri,2,h_sceptic_fixed_decay_fmri,g_sceptic,-860.0930086,-854.0629733,-857.0629733,-862.2839317,0.016711004,2.226130874,-0.468503929,3.243097197,0.902571652,0.384970405,25.61292731,1.08227637,-0.027470571,3.100923045,0.746924523,0.493132789,22.21845045
440247,explore,decay_factorize_selective_psequate_fixedparams_fmri,2,h_sceptic_fixed_decay_fmri,g_sceptic,-627.5765352,-619.913288,-622.913288,-628.1342463,0.113134207,0.084141961,2.572980017,1.802863582,0.521023088,0.929102244,6.066995953,0.184529462,1.667714249,1.836610534,0.546001905,0.841270833,6.275232489
440254,explore,decay_factorize_selective_psequate_fixedparams_fmri,2,h_sceptic_fixed_decay_fmri,g_sceptic,-817.2943189,-809.255935,-812.255935,-817.4768934,0.040702185,-3.356974499,1.335655958,1.903486258,0.033667517,0.791774657,6.709243869,-2.975376529,0.501770793,2.080960541,0.048550759,0.622875384,8.012161231
440263,explore,decay_factorize_selective_psequate_fixedparams_fmri,2,h_sceptic_fixed_decay_fmri,g_sceptic,-473.3479974,-465.9220355,-468.9220355,-474.1429939,0.164191858,-2.391304823,1.797037267,1.442181267,0.083838156,0.8577879,4.229912328,-2.276165552,0.98343631,1.475881808,0.093116251,0.727789522,4.374891887
440266,explore,decay_factorize_selective_psequate_fixedparams_fmri,2,h_sceptic_fixed_decay_fmri,g_sceptic,-908.3112808,-901.7921885,-904.7921885,-910.0131469,0.008871912,-0.808518783,-1.210205628,3.195313046,0.308206224,0.22966467,24.41781641,-1.209458901,-0.46966789,2.917838937,0.229796807,0.384694853,18.50126184
440292,explore,decay_factorize_selective_psequate_fixedparams_fmri,2,h_sceptic_fixed_decay_fmri,g_sceptic,-813.2293889,-805.8096685,-808.8096685,-814.0306269,0.043725746,1.900204939,-1.010647806,2.966515543,0.869914718,0.266853094,19.42411903,1.21136122,-0.716508801,2.87877903,0.770539712,0.328162232,17.79253576
440295,explore,decay_factorize_selective_psequate_fixedparams_fmri,2,h_sceptic_fixed_decay_fmri,g_sceptic,-720.362487,-713.3241856,-716.3241856,-721.545144,0.085486114,3.253292611,0.410257493,2.449372705,0.962791247,0.601149619,11.58107969,2.226354246,0.688727485,2.401603893,0.902591293,0.665683789,11.04087056
440301,explore,decay_factorize_selective_psequate_fixedparams_fmri,2,h_sceptic_fixed_decay_fmri,g_sceptic,-909.214004,-904.6349081,-907.6349081,-912.8558665,0.00635961,1.15679855,1.700363815,3.361243897,0.760750508,0.845582245,28.82502395,0.771688792,1.267657849,3.27064431,0.6838861,0.780341546,26.32829747
440307,explore,decay_factorize_selective_psequate_fixedparams_fmri,1.45,h_sceptic_fixed_decay_fmri,g_sceptic,-556.2528289,-550.0466224,-553.0466224,-557.7852053,0.064136102,0.342735015,2.020281133,2.566608115,0.584854737,0.882910075,13.02158174,0.419787648,1.292567183,2.594667524,0.603432435,0.784581394,13.39213405
440311,explore,decay_factorize_selective_psequate_fixedparams_fmri,2,h_sceptic_fixed_decay_fmri,g_sceptic,-855.9656945,-849.444606,-852.444606,-857.6655644,0.027555764,-0.94260247,1.348499405,2.782520364,0.280374956,0.79388419,16.15969799,-0.833022898,0.82469435,2.833281689,0.303006274,0.69523191,17.0011619
440323,explore,decay_factorize_selective_psequate_fixedparams_fmri,2,h_sceptic_fixed_decay_fmri,g_sceptic,-672.2961814,-664.9620743,-667.9620743,-673.1830327,0.105406893,0.441771331,2.458211417,2.209550896,0.608681022,0.921159865,9.11162341,0.53886094,1.579993555,2.238588574,0.631547403,0.829203604,9.38008265
440329,explore,decay_factorize_selective_psequate_fixedparams_fmri,2,h_sceptic_fixed_decay_fmri,g_sceptic,-899.8578601,-892.142617,-895.142617,-900.3635754,0.00723952,-2.826218246,-2.992092007,2.761592692,0.055923726,0.047784412,15.82502728,-2.886881216,-1.631349203,2.596575975,0.052805896,0.163645618,13.4177167
440330,explore,decay_factorize_selective_psequate_fixedparams_fmri,2,h_sceptic_fixed_decay_fmri,g_sceptic,-876.9063971,-868.8022342,-871.8022342,-877.0231925,0.020151891,-3.818875802,-0.795965537,2.144297078,0.021480908,0.310889191,8.536038958,-3.626745974,-0.349329225,2.149389225,0.02591325,0.413545092,8.579616581
440335,explore,decay_factorize_selective_psequate_fixedparams_fmri,2,h_sceptic_fixed_decay_fmri,g_sceptic,-774.8788325,-768.5228349,-771.5228349,-776.7437933,0.07990871,2.252834759,1.380464882,2.590001561,0.904894774,0.799065651,13.32979241,1.851934514,1.338834428,2.562233818,0.864354076,0.792298198,12.96474588
440336,explore,decay_factorize_selective_psequate_fixedparams_fmri,2,h_sceptic_fixed_decay_fmri,g_sceptic,-878.492874,-871.6535844,-874.6535844,-879.8745428,0.014235134,2.061382157,-2.595502249,3.587288333,0.887092679,0.06942845,36.13595427,1.170525563,-2.134623367,3.470704489,0.76324,0.105776879,32.15939039
440337,explore,decay_factorize_selective_psequate_fixedparams_fmri,2,h_sceptic_fixed_decay_fmri,g_sceptic,-921.5924741,-914.8893453,-917.8893453,-923.1103037,0.003508183,-2.071000767,-2.556489598,3.175204904,0.111947509,0.071991717,23.93172306,-2.509644963,-1.134927521,2.759914491,0.075184793,0.243252892,15.79849198
440340,explore,decay_factorize_selective_psequate_fixedparams_fmri,2,h_sceptic_fixed_decay_fmri,g_sceptic,-772.6525975,-765.8189423,-768.8189423,-774.0399007,0.058894658,0.103715738,2.423008783,2.407188182,0.525905716,0.918565094,11.10269845,0.161344969,1.521908604,2.438434241,0.540248966,0.82081936,11.45509079
440355,explore,decay_factorize_selective_psequate_fixedparams_fmri,2,h_sceptic_fixed_decay_fmri,g_sceptic,-822.4160961,-815.2616052,-818.2616052,-823.4825635,0.036333917,1.385469188,-1.097586282,2.984572474,0.799867939,0.250192426,19.77804481,0.80740465,-0.563968355,2.857034345,0.691556175,0.362629757,17.40981878
440359,explore,decay_factorize_selective_psequate_fixedparams_fmri,2,h_sceptic_fixed_decay_fmri,g_sceptic,-765.3940321,-759.1835907,-762.1835907,-767.4045491,0.063545532,1.838119747,2.129073156,2.626019219,0.862726181,0.893696987,13.81865124,1.726420491,1.692768235,2.62187062,0.848953988,0.844587862,13.76144195
440361,explore,decay_factorize_selective_psequate_fixedparams_fmri,2,h_sceptic_fixed_decay_fmri,g_sceptic,-854.3175533,-846.6533086,-849.6533086,-854.874267,0.020127291,0.178071609,-2.229342968,3.107612894,0.544400637,0.097146254,22.36758683,-0.010342305,-1.813553477,3.026367324,0.497414447,0.140209205,20.62218264
440368,explore,decay_factorize_selective_psequate_fixedparams_fmri,2,h_sceptic_fixed_decay_fmri,g_sceptic,-809.0777661,-802.0654015,-805.0654015,-810.2863599,0.038757691,-0.559716782,2.689791671,2.467400416,0.363612994,0.936421579,11.79175332,-0.475772675,1.723158582,2.507628497,0.383250842,0.848535234,12.27578345
440392,explore,decay_factorize_selective_psequate_fixedparams_fmri,2,h_sceptic_fixed_decay_fmri,g_sceptic,-852.6922299,-846.652674,-849.652674,-854.8736324,0.028784573,1.886596961,2.495149675,3.132446617,0.86836703,0.923801093,22.93001192,1.531870834,1.804514781,3.110303816,0.822279874,0.858697628,22.42785731
440393,explore,decay_factorize_selective_psequate_fixedparams_fmri,2,h_sceptic_fixed_decay_fmri,g_sceptic,-913.9104356,-907.2660405,-910.2660405,-915.4869989,0.006210559,-4.4271017,-0.111516359,1.655246161,0.011807978,0.472149766,5.234368263,-2.451807275,0.390441927,2.567295039,0.079306488,0.59638908,13.03052966
440423,explore,decay_factorize_selective_psequate_fixedparams_fmri,2,h_sceptic_fixed_decay_fmri,g_sceptic,-903.9475787,-896.6036496,-899.6036496,-904.824608,0.009703343,-3.533424012,-2.052023105,1.971576592,0.028376033,0.113848118,7.181990635,-3.484486645,-1.077189257,1.900411708,0.029756871,0.254038293,6.688647644
881224,explore,decay_factorize_selective_psequate_fixedparams_fmri,2,h_sceptic_fixed_decay_fmri,g_sceptic,-867.6257269,-861.8473602,-864.8473602,-870.0683186,0.014960654,1.061581069,0.50552571,3.039925893,0.742992573,0.623757012,20.90369407,0.63027576,0.774831804,2.935504683,0.652551987,0.684565182,18.83100443
881230,explore,decay_factorize_selective_psequate_fixedparams_fmri,2,h_sceptic_fixed_decay_fmri,g_sceptic,-874.1640068,-866.7428387,-869.7428387,-874.963797,0.01444044,-3.570229535,-1.402310809,2.066563619,0.027378699,0.197449678,7.897637142,-3.534836936,-0.94654186,2.024582162,0.028337104,0.279580814,7.572946019